{
	"locales": ["cs", "en"],
	"defaultLocale": "cs",
	"pages": {
		"*": [
			"SEO",
			"cookieBar",
			"navbar",
			"footer",
			"detailComponent",
			"cartNewItem",
			"404",
			"adminProducts",
			"aminSidebar",
			"adminTable",
			"deleteBar",
			"loading",
			"noData",
			"loginMessage",
			"cartList",
			"sizeGuide",
			"cartErr"
		],
		"/": ["beltComponent"],
		"/o-nas": ["about"],
		"/kosik": ["cart", "cartFirst", "cartSecond", "cartThird", "cartFourth"],
		"/prihlaseni": ["login"],
		"/odhlaseni": ["logOut"],
		"/registrace": ["registration"],
		"/cookies": ["cookies"],
		"/gdpr": ["gdpr"],
		"/kontakt": ["contact"],
		"/admin/zpravy": ["adminMessages"],
		"/admin/emaily": ["adminEmails"],
		"/admin/uzivatele": ["adminUsers"],
		"/admin/objednavky": ["adminOrders"]
	}
}